file,begin,end,speaker,overall_log_likelihood,speech_log_likelihood,phone_duration_deviation,snr
001,0.0,21.15918367346939,corpus,-47.65772684310019,-48.174825787014434,3.428647381813916,25.622641840299444
