file,begin,end,speaker,overall_log_likelihood,speech_log_likelihood,phone_duration_deviation,snr
001,0.0,21.812244897959182,corpus,-51.89845541036222,-54.533040056626,3.000874683164182,24.60635989666153
