file,begin,end,speaker,overall_log_likelihood,speech_log_likelihood,phone_duration_deviation,snr
001,0.0,24.006530612244898,corpus,-51.77428024781341,-55.821269726753236,4.633735056465561,6.5957575194607365
